{"cameraMode":{"drawMode":0,"name":"Shaded","section":"Shading Mode"},"sceneLighting":false,"audioPlay":false,"sceneViewState":{"showFog":true,"showMaterialUpdate":false,"showSkybox":true,"showFlares":true,"showImageEffects":true,"showParticleSystems":true},"in2DMode":false,"pivot":{"x":0.28346896171569826,"y":0.4429709017276764,"z":-0.8826614618301392},"rotation":{"x":0.20132461190223695,"y":-0.12160199135541916,"z":0.025195404887199403,"w":0.9716206192970276},"size":0.8573647737503052,"orthographic":false}