{"cameraMode":{"drawMode":0,"name":"Shaded","section":"Shading Mode"},"sceneLighting":false,"audioPlay":false,"sceneViewState":{"showFog":true,"showMaterialUpdate":false,"showSkybox":true,"showFlares":true,"showImageEffects":true,"showParticleSystems":true},"in2DMode":false,"pivot":{"x":167.0479278564453,"y":94.24800872802735,"z":-210.93695068359376},"rotation":{"x":0.19840677082538606,"y":-0.45274895429611208,"z":0.10408049076795578,"w":0.8630297780036926},"size":3.687509775161743,"orthographic":false}