{"cameraMode":{"drawMode":0,"name":"Shaded","section":"Shading Mode"},"sceneLighting":false,"audioPlay":false,"sceneViewState":{"showFog":true,"showMaterialUpdate":false,"showSkybox":true,"showFlares":true,"showImageEffects":true,"showParticleSystems":true},"in2DMode":false,"pivot":{"x":69.27676391601563,"y":78.3922348022461,"z":3.9016036987304689},"rotation":{"x":0.26869621872901919,"y":0.05329326540231705,"z":-0.014895284548401833,"w":0.9616342186927795},"size":215.09669494628907,"orthographic":false}