{"cameraMode":{"drawMode":0,"name":"Shaded","section":"Shading Mode"},"sceneLighting":false,"audioPlay":false,"sceneViewState":{"showFog":true,"showMaterialUpdate":false,"showSkybox":true,"showFlares":true,"showImageEffects":true,"showParticleSystems":true},"in2DMode":false,"pivot":{"x":18.10589027404785,"y":5.659526348114014,"z":6.237239837646484},"rotation":{"x":0.28275394439697268,"y":0.13893482089042664,"z":-0.04143274575471878,"w":0.9481723308563232},"size":2.286306858062744,"orthographic":false}