{"cameraMode":{"drawMode":0,"name":"Shaded","section":"Shading Mode"},"sceneLighting":true,"audioPlay":false,"sceneViewState":{"showFog":true,"showMaterialUpdate":false,"showSkybox":true,"showFlares":true,"showImageEffects":true,"showParticleSystems":true},"in2DMode":false,"pivot":{"x":-8.794610023498536,"y":2.7809081077575685,"z":18.077707290649415},"rotation":{"x":0.16039006412029267,"y":-0.7070456147193909,"z":0.16990165412425996,"w":0.6674541234970093},"size":15.662210464477539,"orthographic":false}