{"cameraMode":{"drawMode":0,"name":"Shaded","section":"Shading Mode"},"sceneLighting":false,"audioPlay":false,"sceneViewState":{"showFog":true,"showMaterialUpdate":false,"showSkybox":true,"showFlares":true,"showImageEffects":true,"showParticleSystems":true},"in2DMode":false,"pivot":{"x":18.10589027404785,"y":8.491999626159668,"z":2.1710000038146974},"rotation":{"x":0.16046755015850068,"y":-0.6781927347183228,"z":0.15544481575489045,"w":0.7001012563705444},"size":22.0,"orthographic":false}