{"cameraMode":{"drawMode":0,"name":"Shaded","section":"Shading Mode"},"sceneLighting":true,"audioPlay":false,"sceneViewState":{"showFog":true,"showMaterialUpdate":false,"showSkybox":true,"showFlares":true,"showImageEffects":true,"showParticleSystems":true},"in2DMode":false,"pivot":{"x":6.540147304534912,"y":10.230977058410645,"z":32.7654914855957},"rotation":{"x":0.05049615353345871,"y":-0.9300211668014526,"z":0.3361450433731079,"w":0.1397043615579605},"size":50.282596588134769,"orthographic":false}