{"cameraMode":{"drawMode":0,"name":"Shaded","section":"Shading Mode"},"sceneLighting":false,"audioPlay":false,"sceneViewState":{"showFog":true,"showMaterialUpdate":false,"showSkybox":true,"showFlares":true,"showImageEffects":true,"showParticleSystems":true},"in2DMode":false,"pivot":{"x":374.5371398925781,"y":-9.459539413452149,"z":167.59542846679688},"rotation":{"x":-0.03410118818283081,"y":-0.716304361820221,"z":0.03509557619690895,"w":-0.6960700750350952},"size":322.9685363769531,"orthographic":false}