{"cameraMode":{"drawMode":0,"name":"Shaded","section":"Shading Mode"},"sceneLighting":false,"audioPlay":false,"sceneViewState":{"showFog":true,"showMaterialUpdate":false,"showSkybox":true,"showFlares":true,"showImageEffects":true,"showParticleSystems":true},"in2DMode":false,"pivot":{"x":2.6610000133514406,"y":0.0,"z":0.13099998235702516},"rotation":{"x":-0.11817124485969544,"y":-0.7622138857841492,"z":0.14536891877651215,"w":-0.6196237206459045},"size":2.333510637283325,"orthographic":false}