{"cameraMode":{"drawMode":0,"name":"Shaded","section":"Shading Mode"},"sceneLighting":false,"audioPlay":false,"sceneViewState":{"showFog":true,"showMaterialUpdate":false,"showSkybox":true,"showFlares":true,"showImageEffects":true,"showParticleSystems":true},"in2DMode":false,"pivot":{"x":24.4136962890625,"y":-0.4597613513469696,"z":-5.78838586807251},"rotation":{"x":0.003444069530814886,"y":-0.9907333850860596,"z":0.025580046698451043,"w":0.13334603607654572},"size":31.158552169799806,"orthographic":false}