{"cameraMode":{"drawMode":0,"name":"Shaded","section":"Shading Mode"},"sceneLighting":false,"audioPlay":false,"sceneViewState":{"showFog":true,"showMaterialUpdate":false,"showSkybox":true,"showFlares":true,"showImageEffects":true,"showParticleSystems":true},"in2DMode":false,"pivot":{"x":-70.65068054199219,"y":34.28466033935547,"z":-60.246612548828128},"rotation":{"x":0.16161151230335236,"y":0.3946026563644409,"z":-0.07072144746780396,"w":0.9017587900161743},"size":4.0152482986450199,"orthographic":false}